{"cameraMode":{"drawMode":0,"name":"Shaded","section":"Shading Mode"},"sceneLighting":true,"audioPlay":false,"sceneViewState":{"showFog":true,"showMaterialUpdate":false,"showSkybox":true,"showFlares":true,"showImageEffects":true,"showParticleSystems":true},"in2DMode":false,"pivot":{"x":2.153498411178589,"y":1.7862160205841065,"z":-2.8399360179901125},"rotation":{"x":-0.07292076200246811,"y":0.9091042280197144,"z":-0.1798497587442398,"w":-0.36860018968582156},"size":24.965110778808595,"orthographic":false}